Posicao X MAX = 640,Posicao Y MAX = 480,Pontuacao,
0,0,0,
10,0,0,
20,0,0,
30,0,0,
40,0,2,
50,0,2,
60,0,3,
70,0,4,
80,0,2,
90,0,2,
100,0,1,
110,0,0,
120,0,0,
130,0,0,
140,0,0,
150,0,0,
160,0,0,
170,0,0,
180,0,0,
190,0,0,
200,0,0,
210,0,0,
220,0,0,
230,0,0,
240,0,0,
250,0,0,
260,0,0,
270,0,0,
280,0,0,
290,0,0,
300,0,0,
310,0,0,
320,0,0,
330,0,0,
340,0,0,
350,0,0,
360,0,0,
370,0,0,
380,0,0,
390,0,0,
400,0,0,
410,0,0,
420,0,0,
430,0,0,
440,0,0,
450,0,1,
460,0,4,
470,0,6,
480,0,8,
490,0,10,
500,0,10,
510,0,8,
520,0,6,
530,0,3,
540,0,0,
550,0,0,
560,0,0,
570,0,0,
580,0,0,
590,0,0,
600,0,0,
610,0,0,
620,0,0,
630,0,0,
640,0,0,
0,10,0,
10,10,0,
20,10,0,
30,10,0,
40,10,3,
50,10,4,
60,10,7,
70,10,12,
80,10,9,
90,10,8,
100,10,5,
110,10,0,
120,10,0,
130,10,0,
140,10,0,
150,10,0,
160,10,0,
170,10,0,
180,10,0,
190,10,0,
200,10,0,
210,10,0,
220,10,0,
230,10,0,
240,10,0,
250,10,0,
260,10,0,
270,10,0,
280,10,0,
290,10,0,
300,10,0,
310,10,0,
320,10,1,
330,10,1,
340,10,1,
350,10,1,
360,10,0,
370,10,0,
380,10,0,
390,10,0,
400,10,0,
410,10,0,
420,10,1,
430,10,1,
440,10,1,
450,10,2,
460,10,5,
470,10,8,
480,10,11,
490,10,15,
500,10,18,
510,10,19,
520,10,16,
530,10,11,
540,10,4,
550,10,0,
560,10,0,
570,10,0,
580,10,0,
590,10,0,
600,10,0,
610,10,0,
620,10,0,
630,10,0,
640,10,0,
0,20,0,
10,20,0,
20,20,0,
30,20,0,
40,20,5,
50,20,6,
60,20,9,
70,20,14,
80,20,9,
90,20,8,
100,20,5,
110,20,0,
120,20,0,
130,20,0,
140,20,0,
150,20,0,
160,20,0,
170,20,0,
180,20,0,
190,20,0,
200,20,0,
210,20,0,
220,20,0,
230,20,0,
240,20,0,
250,20,0,
260,20,0,
270,20,0,
280,20,0,
290,20,0,
300,20,0,
310,20,0,
320,20,1,
330,20,1,
340,20,1,
350,20,1,
360,20,0,
370,20,0,
380,20,0,
390,20,0,
400,20,0,
410,20,0,
420,20,2,
430,20,2,
440,20,2,
450,20,3,
460,20,5,
470,20,8,
480,20,11,
490,20,15,
500,20,18,
510,20,19,
520,20,16,
530,20,11,
540,20,4,
550,20,0,
560,20,0,
570,20,0,
580,20,0,
590,20,0,
600,20,0,
610,20,0,
620,20,0,
630,20,0,
640,20,0,
0,30,0,
10,30,0,
20,30,0,
30,30,0,
40,30,5,
50,30,6,
60,30,9,
70,30,14,
80,30,9,
90,30,8,
100,30,5,
110,30,0,
120,30,0,
130,30,0,
140,30,0,
150,30,0,
160,30,0,
170,30,0,
180,30,0,
190,30,0,
200,30,0,
210,30,0,
220,30,0,
230,30,0,
240,30,0,
250,30,0,
260,30,0,
270,30,0,
280,30,0,
290,30,0,
300,30,0,
310,30,0,
320,30,1,
330,30,1,
340,30,1,
350,30,1,
360,30,0,
370,30,0,
380,30,0,
390,30,0,
400,30,0,
410,30,0,
420,30,2,
430,30,2,
440,30,2,
450,30,2,
460,30,2,
470,30,5,
480,30,7,
490,30,12,
500,30,17,
510,30,18,
520,30,16,
530,30,11,
540,30,4,
550,30,0,
560,30,0,
570,30,0,
580,30,0,
590,30,0,
600,30,0,
610,30,0,
620,30,0,
630,30,0,
640,30,0,
0,40,0,
10,40,0,
20,40,0,
30,40,0,
40,40,3,
50,40,4,
60,40,6,
70,40,10,
80,40,8,
90,40,7,
100,40,5,
110,40,1,
120,40,0,
130,40,0,
140,40,0,
150,40,0,
160,40,0,
170,40,0,
180,40,0,
190,40,0,
200,40,0,
210,40,0,
220,40,0,
230,40,0,
240,40,0,
250,40,0,
260,40,0,
270,40,0,
280,40,0,
290,40,0,
300,40,0,
310,40,0,
320,40,1,
330,40,1,
340,40,1,
350,40,1,
360,40,0,
370,40,0,
380,40,0,
390,40,0,
400,40,0,
410,40,0,
420,40,2,
430,40,2,
440,40,2,
450,40,2,
460,40,1,
470,40,2,
480,40,3,
490,40,5,
500,40,8,
510,40,11,
520,40,10,
530,40,8,
540,40,4,
550,40,0,
560,40,0,
570,40,0,
580,40,0,
590,40,0,
600,40,0,
610,40,0,
620,40,0,
630,40,0,
640,40,0,
0,50,0,
10,50,0,
20,50,0,
30,50,0,
40,50,2,
50,50,2,
60,50,2,
70,50,2,
80,50,1,
90,50,1,
100,50,1,
110,50,1,
120,50,0,
130,50,0,
140,50,0,
150,50,0,
160,50,0,
170,50,0,
180,50,0,
190,50,0,
200,50,0,
210,50,0,
220,50,0,
230,50,0,
240,50,0,
250,50,0,
260,50,0,
270,50,0,
280,50,0,
290,50,0,
300,50,0,
310,50,0,
320,50,0,
330,50,0,
340,50,0,
350,50,0,
360,50,0,
370,50,0,
380,50,0,
390,50,0,
400,50,0,
410,50,0,
420,50,1,
430,50,1,
440,50,1,
450,50,1,
460,50,0,
470,50,0,
480,50,0,
490,50,0,
500,50,0,
510,50,0,
520,50,0,
530,50,0,
540,50,0,
550,50,0,
560,50,0,
570,50,0,
580,50,0,
590,50,0,
600,50,0,
610,50,0,
620,50,0,
630,50,0,
640,50,0,
0,60,0,
10,60,0,
20,60,0,
30,60,0,
40,60,0,
50,60,0,
60,60,0,
70,60,0,
80,60,1,
90,60,1,
100,60,1,
110,60,1,
120,60,0,
130,60,0,
140,60,0,
150,60,0,
160,60,0,
170,60,0,
180,60,0,
190,60,0,
200,60,0,
210,60,0,
220,60,0,
230,60,0,
240,60,0,
250,60,0,
260,60,0,
270,60,0,
280,60,0,
290,60,0,
300,60,0,
310,60,0,
320,60,0,
330,60,0,
340,60,0,
350,60,0,
360,60,0,
370,60,0,
380,60,0,
390,60,0,
400,60,0,
410,60,0,
420,60,0,
430,60,0,
440,60,0,
450,60,0,
460,60,0,
470,60,0,
480,60,0,
490,60,0,
500,60,0,
510,60,0,
520,60,0,
530,60,0,
540,60,0,
550,60,0,
560,60,0,
570,60,0,
580,60,0,
590,60,0,
600,60,0,
610,60,0,
620,60,0,
630,60,0,
640,60,0,
0,70,0,
10,70,0,
20,70,0,
30,70,0,
40,70,0,
50,70,0,
60,70,0,
70,70,0,
80,70,1,
90,70,1,
100,70,1,
110,70,1,
120,70,0,
130,70,0,
140,70,0,
150,70,0,
160,70,0,
170,70,0,
180,70,0,
190,70,0,
200,70,0,
210,70,0,
220,70,0,
230,70,0,
240,70,0,
250,70,0,
260,70,0,
270,70,0,
280,70,0,
290,70,0,
300,70,0,
310,70,0,
320,70,0,
330,70,0,
340,70,0,
350,70,0,
360,70,0,
370,70,0,
380,70,0,
390,70,0,
400,70,0,
410,70,0,
420,70,0,
430,70,0,
440,70,0,
450,70,0,
460,70,0,
470,70,0,
480,70,1,
490,70,3,
500,70,4,
510,70,4,
520,70,3,
530,70,1,
540,70,0,
550,70,0,
560,70,0,
570,70,0,
580,70,0,
590,70,0,
600,70,0,
610,70,0,
620,70,0,
630,70,0,
640,70,0,
0,80,0,
10,80,0,
20,80,0,
30,80,0,
40,80,0,
50,80,0,
60,80,0,
70,80,0,
80,80,0,
90,80,0,
100,80,0,
110,80,0,
120,80,0,
130,80,0,
140,80,0,
150,80,0,
160,80,0,
170,80,0,
180,80,0,
190,80,0,
200,80,0,
210,80,0,
220,80,0,
230,80,0,
240,80,0,
250,80,0,
260,80,0,
270,80,0,
280,80,0,
290,80,0,
300,80,0,
310,80,0,
320,80,0,
330,80,0,
340,80,0,
350,80,0,
360,80,0,
370,80,0,
380,80,0,
390,80,0,
400,80,0,
410,80,0,
420,80,0,
430,80,0,
440,80,0,
450,80,0,
460,80,0,
470,80,1,
480,80,4,
490,80,7,
500,80,8,
510,80,7,
520,80,4,
530,80,1,
540,80,0,
550,80,0,
560,80,0,
570,80,0,
580,80,0,
590,80,0,
600,80,0,
610,80,0,
620,80,0,
630,80,0,
640,80,0,
0,90,0,
10,90,0,
20,90,0,
30,90,0,
40,90,0,
50,90,0,
60,90,0,
70,90,0,
80,90,0,
90,90,0,
100,90,0,
110,90,0,
120,90,0,
130,90,0,
140,90,0,
150,90,0,
160,90,0,
170,90,0,
180,90,0,
190,90,0,
200,90,0,
210,90,0,
220,90,0,
230,90,0,
240,90,0,
250,90,0,
260,90,0,
270,90,0,
280,90,0,
290,90,0,
300,90,0,
310,90,0,
320,90,0,
330,90,0,
340,90,0,
350,90,0,
360,90,0,
370,90,0,
380,90,0,
390,90,0,
400,90,0,
410,90,0,
420,90,0,
430,90,0,
440,90,0,
450,90,0,
460,90,1,
470,90,3,
480,90,10,
490,90,16,
500,90,17,
510,90,15,
520,90,8,
530,90,2,
540,90,0,
550,90,0,
560,90,0,
570,90,0,
580,90,0,
590,90,0,
600,90,0,
610,90,0,
620,90,0,
630,90,0,
640,90,0,
0,100,2,
10,100,2,
20,100,2,
30,100,2,
40,100,0,
50,100,0,
60,100,0,
70,100,0,
80,100,0,
90,100,0,
100,100,0,
110,100,0,
120,100,0,
130,100,0,
140,100,0,
150,100,0,
160,100,0,
170,100,0,
180,100,0,
190,100,0,
200,100,0,
210,100,0,
220,100,0,
230,100,0,
240,100,0,
250,100,0,
260,100,0,
270,100,0,
280,100,0,
290,100,0,
300,100,0,
310,100,0,
320,100,0,
330,100,0,
340,100,0,
350,100,0,
360,100,0,
370,100,0,
380,100,0,
390,100,0,
400,100,0,
410,100,0,
420,100,0,
430,100,0,
440,100,0,
450,100,0,
460,100,1,
470,100,4,
480,100,11,
490,100,17,
500,100,18,
510,100,15,
520,100,8,
530,100,2,
540,100,0,
550,100,0,
560,100,0,
570,100,0,
580,100,0,
590,100,0,
600,100,0,
610,100,0,
620,100,0,
630,100,0,
640,100,0,
0,110,2,
10,110,2,
20,110,2,
30,110,2,
40,110,0,
50,110,0,
60,110,0,
70,110,0,
80,110,0,
90,110,0,
100,110,0,
110,110,0,
120,110,0,
130,110,0,
140,110,0,
150,110,0,
160,110,0,
170,110,0,
180,110,0,
190,110,0,
200,110,0,
210,110,0,
220,110,0,
230,110,0,
240,110,0,
250,110,0,
260,110,0,
270,110,0,
280,110,0,
290,110,0,
300,110,0,
310,110,0,
320,110,0,
330,110,0,
340,110,0,
350,110,0,
360,110,0,
370,110,0,
380,110,0,
390,110,0,
400,110,0,
410,110,0,
420,110,0,
430,110,0,
440,110,0,
450,110,0,
460,110,1,
470,110,4,
480,110,10,
490,110,14,
500,110,14,
510,110,11,
520,110,5,
530,110,1,
540,110,0,
550,110,0,
560,110,0,
570,110,0,
580,110,0,
590,110,0,
600,110,0,
610,110,0,
620,110,0,
630,110,0,
640,110,0,
0,120,2,
10,120,2,
20,120,2,
30,120,2,
40,120,0,
50,120,0,
60,120,0,
70,120,0,
80,120,0,
90,120,0,
100,120,0,
110,120,0,
120,120,0,
130,120,0,
140,120,0,
150,120,0,
160,120,0,
170,120,0,
180,120,0,
190,120,0,
200,120,0,
210,120,0,
220,120,0,
230,120,0,
240,120,0,
250,120,1,
260,120,1,
270,120,1,
280,120,1,
290,120,0,
300,120,0,
310,120,0,
320,120,0,
330,120,0,
340,120,0,
350,120,0,
360,120,0,
370,120,0,
380,120,0,
390,120,0,
400,120,0,
410,120,0,
420,120,0,
430,120,0,
440,120,0,
450,120,0,
460,120,1,
470,120,3,
480,120,7,
490,120,10,
500,120,10,
510,120,8,
520,120,4,
530,120,1,
540,120,0,
550,120,0,
560,120,0,
570,120,0,
580,120,0,
590,120,0,
600,120,0,
610,120,0,
620,120,0,
630,120,0,
640,120,0,
0,130,2,
10,130,2,
20,130,2,
30,130,2,
40,130,0,
50,130,0,
60,130,0,
70,130,0,
80,130,0,
90,130,0,
100,130,3,
110,130,3,
120,130,3,
130,130,3,
140,130,0,
150,130,0,
160,130,0,
170,130,0,
180,130,0,
190,130,0,
200,130,0,
210,130,0,
220,130,0,
230,130,0,
240,130,0,
250,130,1,
260,130,2,
270,130,2,
280,130,2,
290,130,1,
300,130,0,
310,130,0,
320,130,0,
330,130,0,
340,130,0,
350,130,0,
360,130,0,
370,130,0,
380,130,0,
390,130,0,
400,130,0,
410,130,0,
420,130,0,
430,130,0,
440,130,0,
450,130,0,
460,130,0,
470,130,1,
480,130,1,
490,130,1,
500,130,1,
510,130,0,
520,130,0,
530,130,0,
540,130,0,
550,130,0,
560,130,0,
570,130,0,
580,130,0,
590,130,0,
600,130,0,
610,130,0,
620,130,0,
630,130,0,
640,130,0,
0,140,0,
10,140,0,
20,140,0,
30,140,0,
40,140,0,
50,140,0,
60,140,0,
70,140,0,
80,140,0,
90,140,0,
100,140,3,
110,140,3,
120,140,3,
130,140,3,
140,140,0,
150,140,0,
160,140,0,
170,140,0,
180,140,0,
190,140,0,
200,140,0,
210,140,0,
220,140,0,
230,140,0,
240,140,0,
250,140,1,
260,140,2,
270,140,2,
280,140,2,
290,140,1,
300,140,0,
310,140,0,
320,140,0,
330,140,0,
340,140,0,
350,140,0,
360,140,0,
370,140,0,
380,140,0,
390,140,0,
400,140,0,
410,140,0,
420,140,0,
430,140,0,
440,140,0,
450,140,0,
460,140,0,
470,140,0,
480,140,0,
490,140,0,
500,140,0,
510,140,0,
520,140,0,
530,140,0,
540,140,0,
550,140,0,
560,140,0,
570,140,0,
580,140,0,
590,140,1,
600,140,1,
610,140,1,
620,140,1,
630,140,0,
640,140,0,
0,150,1,
10,150,1,
20,150,1,
30,150,0,
40,150,0,
50,150,0,
60,150,0,
70,150,0,
80,150,0,
90,150,0,
100,150,3,
110,150,3,
120,150,3,
130,150,3,
140,150,0,
150,150,0,
160,150,0,
170,150,0,
180,150,0,
190,150,0,
200,150,0,
210,150,0,
220,150,0,
230,150,0,
240,150,0,
250,150,1,
260,150,2,
270,150,2,
280,150,2,
290,150,1,
300,150,0,
310,150,1,
320,150,1,
330,150,1,
340,150,2,
350,150,1,
360,150,1,
370,150,1,
380,150,0,
390,150,0,
400,150,0,
410,150,0,
420,150,0,
430,150,0,
440,150,0,
450,150,0,
460,150,0,
470,150,0,
480,150,0,
490,150,0,
500,150,0,
510,150,0,
520,150,0,
530,150,0,
540,150,0,
550,150,0,
560,150,0,
570,150,0,
580,150,0,
590,150,1,
600,150,1,
610,150,1,
620,150,1,
630,150,0,
640,150,0,
0,160,1,
10,160,1,
20,160,1,
30,160,0,
40,160,0,
50,160,0,
60,160,0,
70,160,0,
80,160,0,
90,160,0,
100,160,3,
110,160,3,
120,160,3,
130,160,3,
140,160,0,
150,160,0,
160,160,0,
170,160,0,
180,160,0,
190,160,0,
200,160,1,
210,160,1,
220,160,1,
230,160,1,
240,160,0,
250,160,0,
260,160,1,
270,160,1,
280,160,1,
290,160,1,
300,160,0,
310,160,1,
320,160,1,
330,160,1,
340,160,2,
350,160,1,
360,160,1,
370,160,1,
380,160,0,
390,160,0,
400,160,0,
410,160,0,
420,160,0,
430,160,0,
440,160,0,
450,160,0,
460,160,0,
470,160,0,
480,160,0,
490,160,0,
500,160,0,
510,160,0,
520,160,0,
530,160,0,
540,160,0,
550,160,0,
560,160,0,
570,160,0,
580,160,0,
590,160,1,
600,160,1,
610,160,1,
620,160,1,
630,160,0,
640,160,0,
0,170,1,
10,170,1,
20,170,1,
30,170,0,
40,170,0,
50,170,0,
60,170,0,
70,170,0,
80,170,0,
90,170,0,
100,170,0,
110,170,0,
120,170,0,
130,170,0,
140,170,1,
150,170,1,
160,170,1,
170,170,1,
180,170,0,
190,170,0,
200,170,1,
210,170,1,
220,170,1,
230,170,1,
240,170,0,
250,170,0,
260,170,0,
270,170,0,
280,170,0,
290,170,0,
300,170,0,
310,170,1,
320,170,1,
330,170,1,
340,170,2,
350,170,1,
360,170,1,
370,170,1,
380,170,0,
390,170,0,
400,170,0,
410,170,0,
420,170,0,
430,170,0,
440,170,0,
450,170,0,
460,170,0,
470,170,0,
480,170,0,
490,170,0,
500,170,0,
510,170,0,
520,170,0,
530,170,0,
540,170,0,
550,170,0,
560,170,0,
570,170,0,
580,170,0,
590,170,2,
600,170,3,
610,170,3,
620,170,3,
630,170,1,
640,170,0,
0,180,1,
10,180,1,
20,180,1,
30,180,0,
40,180,0,
50,180,0,
60,180,0,
70,180,0,
80,180,0,
90,180,0,
100,180,0,
110,180,0,
120,180,0,
130,180,0,
140,180,1,
150,180,1,
160,180,1,
170,180,1,
180,180,1,
190,180,1,
200,180,2,
210,180,2,
220,180,4,
230,180,7,
240,180,7,
250,180,7,
260,180,4,
270,180,1,
280,180,0,
290,180,0,
300,180,0,
310,180,1,
320,180,1,
330,180,1,
340,180,2,
350,180,1,
360,180,1,
370,180,1,
380,180,0,
390,180,0,
400,180,0,
410,180,0,
420,180,0,
430,180,0,
440,180,0,
450,180,0,
460,180,0,
470,180,0,
480,180,0,
490,180,0,
500,180,0,
510,180,0,
520,180,0,
530,180,0,
540,180,0,
550,180,0,
560,180,0,
570,180,0,
580,180,0,
590,180,2,
600,180,4,
610,180,4,
620,180,4,
630,180,2,
640,180,0,
0,190,0,
10,190,0,
20,190,0,
30,190,0,
40,190,0,
50,190,0,
60,190,0,
70,190,0,
80,190,0,
90,190,0,
100,190,0,
110,190,0,
120,190,0,
130,190,0,
140,190,1,
150,190,1,
160,190,1,
170,190,2,
180,190,6,
190,190,8,
200,190,10,
210,190,10,
220,190,8,
230,190,10,
240,190,9,
250,190,8,
260,190,5,
270,190,1,
280,190,0,
290,190,0,
300,190,0,
310,190,0,
320,190,0,
330,190,0,
340,190,0,
350,190,0,
360,190,0,
370,190,0,
380,190,0,
390,190,0,
400,190,0,
410,190,0,
420,190,0,
430,190,0,
440,190,0,
450,190,0,
460,190,0,
470,190,0,
480,190,0,
490,190,0,
500,190,0,
510,190,0,
520,190,0,
530,190,0,
540,190,0,
550,190,0,
560,190,0,
570,190,0,
580,190,0,
590,190,3,
600,190,5,
610,190,5,
620,190,5,
630,190,2,
640,190,0,
0,200,0,
10,200,0,
20,200,0,
30,200,0,
40,200,0,
50,200,0,
60,200,0,
70,200,0,
80,200,0,
90,200,0,
100,200,0,
110,200,0,
120,200,0,
130,200,0,
140,200,1,
150,200,1,
160,200,1,
170,200,2,
180,200,8,
190,200,12,
200,200,17,
210,200,20,
220,200,16,
230,200,16,
240,200,12,
250,200,8,
260,200,7,
270,200,3,
280,200,3,
290,200,4,
300,200,2,
310,200,2,
320,200,1,
330,200,0,
340,200,0,
350,200,0,
360,200,0,
370,200,0,
380,200,0,
390,200,0,
400,200,0,
410,200,0,
420,200,0,
430,200,0,
440,200,0,
450,200,0,
460,200,0,
470,200,0,
480,200,0,
490,200,0,
500,200,0,
510,200,0,
520,200,0,
530,200,0,
540,200,0,
550,200,0,
560,200,1,
570,200,1,
580,200,1,
590,200,4,
600,200,5,
610,200,5,
620,200,5,
630,200,2,
640,200,0,
0,210,0,
10,210,0,
20,210,0,
30,210,0,
40,210,0,
50,210,0,
60,210,0,
70,210,0,
80,210,0,
90,210,0,
100,210,0,
110,210,0,
120,210,0,
130,210,0,
140,210,0,
150,210,0,
160,210,1,
170,210,5,
180,210,15,
190,210,22,
200,210,30,
210,210,33,
220,210,30,
230,210,27,
240,210,19,
250,210,12,
260,210,7,
270,210,3,
280,210,3,
290,210,4,
300,210,2,
310,210,2,
320,210,1,
330,210,0,
340,210,0,
350,210,0,
360,210,0,
370,210,0,
380,210,0,
390,210,0,
400,210,0,
410,210,0,
420,210,0,
430,210,0,
440,210,0,
450,210,0,
460,210,0,
470,210,0,
480,210,0,
490,210,0,
500,210,0,
510,210,0,
520,210,0,
530,210,0,
540,210,0,
550,210,0,
560,210,1,
570,210,1,
580,210,1,
590,210,3,
600,210,3,
610,210,3,
620,210,3,
630,210,1,
640,210,0,
0,220,0,
10,220,0,
20,220,0,
30,220,0,
40,220,0,
50,220,0,
60,220,0,
70,220,0,
80,220,0,
90,220,0,
100,220,0,
110,220,0,
120,220,0,
130,220,0,
140,220,0,
150,220,0,
160,220,1,
170,220,5,
180,220,16,
190,220,25,
200,220,36,
210,220,43,
220,220,39,
230,220,31,
240,220,19,
250,220,8,
260,220,3,
270,220,3,
280,220,4,
290,220,5,
300,220,3,
310,220,2,
320,220,1,
330,220,0,
340,220,0,
350,220,0,
360,220,0,
370,220,0,
380,220,0,
390,220,0,
400,220,0,
410,220,0,
420,220,0,
430,220,0,
440,220,0,
450,220,0,
460,220,0,
470,220,1,
480,220,1,
490,220,1,
500,220,1,
510,220,0,
520,220,0,
530,220,0,
540,220,0,
550,220,0,
560,220,1,
570,220,1,
580,220,1,
590,220,2,
600,220,1,
610,220,1,
620,220,1,
630,220,0,
640,220,0,
0,230,0,
10,230,0,
20,230,0,
30,230,0,
40,230,0,
50,230,0,
60,230,0,
70,230,0,
80,230,0,
90,230,0,
100,230,0,
110,230,0,
120,230,0,
130,230,0,
140,230,0,
150,230,0,
160,230,1,
170,230,4,
180,230,11,
190,230,18,
200,230,29,
210,230,37,
220,230,37,
230,230,30,
240,230,18,
250,230,7,
260,230,2,
270,230,3,
280,230,4,
290,230,5,
300,230,3,
310,230,2,
320,230,1,
330,230,0,
340,230,0,
350,230,0,
360,230,0,
370,230,0,
380,230,0,
390,230,0,
400,230,0,
410,230,0,
420,230,0,
430,230,0,
440,230,0,
450,230,0,
460,230,0,
470,230,1,
480,230,1,
490,230,1,
500,230,1,
510,230,0,
520,230,0,
530,230,0,
540,230,0,
550,230,0,
560,230,1,
570,230,1,
580,230,1,
590,230,1,
600,230,0,
610,230,0,
620,230,0,
630,230,0,
640,230,0,
0,240,0,
10,240,0,
20,240,0,
30,240,0,
40,240,0,
50,240,0,
60,240,0,
70,240,0,
80,240,1,
90,240,3,
100,240,3,
110,240,3,
120,240,2,
130,240,1,
140,240,2,
150,240,3,
160,240,5,
170,240,7,
180,240,11,
190,240,15,
200,240,21,
210,240,26,
220,240,28,
230,240,23,
240,240,15,
250,240,7,
260,240,0,
270,240,1,
280,240,1,
290,240,1,
300,240,1,
310,240,0,
320,240,0,
330,240,0,
340,240,0,
350,240,0,
360,240,0,
370,240,0,
380,240,0,
390,240,0,
400,240,0,
410,240,0,
420,240,0,
430,240,0,
440,240,0,
450,240,0,
460,240,0,
470,240,1,
480,240,1,
490,240,1,
500,240,1,
510,240,0,
520,240,0,
530,240,0,
540,240,0,
550,240,0,
560,240,0,
570,240,0,
580,240,0,
590,240,0,
600,240,0,
610,240,0,
620,240,0,
630,240,0,
640,240,0,
0,250,2,
10,250,1,
20,250,0,
30,250,0,
40,250,1,
50,250,4,
60,250,8,
70,250,10,
80,250,10,
90,250,11,
100,250,7,
110,250,6,
120,250,7,
130,250,7,
140,250,8,
150,250,9,
160,250,8,
170,250,4,
180,250,5,
190,250,5,
200,250,8,
210,250,13,
220,250,14,
230,250,12,
240,250,8,
250,250,3,
260,250,0,
270,250,1,
280,250,1,
290,250,1,
300,250,1,
310,250,0,
320,250,0,
330,250,0,
340,250,0,
350,250,0,
360,250,0,
370,250,0,
380,250,0,
390,250,0,
400,250,0,
410,250,0,
420,250,0,
430,250,0,
440,250,0,
450,250,0,
460,250,0,
470,250,1,
480,250,1,
490,250,1,
500,250,1,
510,250,0,
520,250,0,
530,250,0,
540,250,0,
550,250,0,
560,250,0,
570,250,0,
580,250,0,
590,250,0,
600,250,0,
610,250,0,
620,250,0,
630,250,0,
640,250,0,
0,260,7,
10,260,3,
20,260,1,
30,260,2,
40,260,6,
50,260,10,
60,260,16,
70,260,16,
80,260,13,
90,260,14,
100,260,11,
110,260,12,
120,260,17,
130,260,17,
140,260,16,
150,260,15,
160,260,10,
170,260,5,
180,260,3,
190,260,1,
200,260,1,
210,260,2,
220,260,2,
230,260,2,
240,260,1,
250,260,0,
260,260,0,
270,260,0,
280,260,0,
290,260,0,
300,260,0,
310,260,0,
320,260,0,
330,260,0,
340,260,0,
350,260,0,
360,260,0,
370,260,0,
380,260,0,
390,260,0,
400,260,0,
410,260,0,
420,260,0,
430,260,0,
440,260,0,
450,260,0,
460,260,0,
470,260,0,
480,260,0,
490,260,0,
500,260,0,
510,260,0,
520,260,0,
530,260,0,
540,260,0,
550,260,0,
560,260,0,
570,260,0,
580,260,0,
590,260,0,
600,260,0,
610,260,0,
620,260,0,
630,260,0,
640,260,0,
0,270,9,
10,270,4,
20,270,1,
30,270,5,
40,270,12,
50,270,20,
60,270,28,
70,270,26,
80,270,22,
90,270,19,
100,270,18,
110,270,21,
120,270,25,
130,270,25,
140,270,20,
150,270,16,
160,270,10,
170,270,5,
180,270,3,
190,270,1,
200,270,0,
210,270,0,
220,270,0,
230,270,0,
240,270,0,
250,270,0,
260,270,0,
270,270,0,
280,270,0,
290,270,0,
300,270,0,
310,270,0,
320,270,0,
330,270,0,
340,270,0,
350,270,0,
360,270,0,
370,270,0,
380,270,0,
390,270,0,
400,270,0,
410,270,0,
420,270,0,
430,270,0,
440,270,0,
450,270,0,
460,270,0,
470,270,0,
480,270,0,
490,270,0,
500,270,0,
510,270,0,
520,270,0,
530,270,0,
540,270,0,
550,270,0,
560,270,0,
570,270,0,
580,270,0,
590,270,0,
600,270,0,
610,270,0,
620,270,0,
630,270,0,
640,270,0,
0,280,9,
10,280,4,
20,280,1,
30,280,5,
40,280,12,
50,280,20,
60,280,28,
70,280,26,
80,280,21,
90,280,16,
100,280,18,
110,280,23,
120,280,29,
130,280,30,
140,280,21,
150,280,14,
160,280,6,
170,280,2,
180,280,1,
190,280,0,
200,280,0,
210,280,0,
220,280,0,
230,280,0,
240,280,0,
250,280,0,
260,280,0,
270,280,0,
280,280,0,
290,280,0,
300,280,0,
310,280,0,
320,280,0,
330,280,0,
340,280,0,
350,280,0,
360,280,0,
370,280,0,
380,280,0,
390,280,0,
400,280,0,
410,280,0,
420,280,0,
430,280,0,
440,280,0,
450,280,0,
460,280,0,
470,280,0,
480,280,0,
490,280,0,
500,280,0,
510,280,0,
520,280,0,
530,280,0,
540,280,0,
550,280,0,
560,280,0,
570,280,0,
580,280,0,
590,280,0,
600,280,0,
610,280,0,
620,280,0,
630,280,0,
640,280,0,
0,290,7,
10,290,3,
20,290,1,
30,290,5,
40,290,11,
50,290,16,
60,290,20,
70,290,16,
80,290,12,
90,290,8,
100,290,14,
110,290,20,
120,290,24,
130,290,24,
140,290,15,
150,290,8,
160,290,2,
170,290,1,
180,290,0,
190,290,0,
200,290,0,
210,290,0,
220,290,0,
230,290,0,
240,290,0,
250,290,0,
260,290,0,
270,290,0,
280,290,0,
290,290,0,
300,290,0,
310,290,0,
320,290,0,
330,290,0,
340,290,0,
350,290,0,
360,290,0,
370,290,0,
380,290,0,
390,290,0,
400,290,0,
410,290,0,
420,290,0,
430,290,0,
440,290,0,
450,290,0,
460,290,0,
470,290,0,
480,290,0,
490,290,0,
500,290,0,
510,290,0,
520,290,0,
530,290,0,
540,290,0,
550,290,0,
560,290,0,
570,290,0,
580,290,0,
590,290,0,
600,290,0,
610,290,0,
620,290,0,
630,290,0,
640,290,0,
0,300,2,
10,300,1,
20,300,0,
30,300,3,
40,300,6,
50,300,10,
60,300,12,
70,300,10,
80,300,9,
90,300,5,
100,300,10,
110,300,14,
120,300,14,
130,300,14,
140,300,7,
150,300,2,
160,300,0,
170,300,0,
180,300,0,
190,300,0,
200,300,0,
210,300,0,
220,300,0,
230,300,0,
240,300,0,
250,300,0,
260,300,1,
270,300,1,
280,300,1,
290,300,1,
300,300,0,
310,300,0,
320,300,0,
330,300,0,
340,300,0,
350,300,0,
360,300,0,
370,300,0,
380,300,0,
390,300,0,
400,300,0,
410,300,0,
420,300,0,
430,300,0,
440,300,0,
450,300,0,
460,300,0,
470,300,0,
480,300,0,
490,300,0,
500,300,0,
510,300,0,
520,300,0,
530,300,0,
540,300,0,
550,300,0,
560,300,0,
570,300,0,
580,300,0,
590,300,0,
600,300,0,
610,300,0,
620,300,0,
630,300,0,
640,300,0,
0,310,0,
10,310,0,
20,310,0,
30,310,0,
40,310,0,
50,310,0,
60,310,0,
70,310,0,
80,310,0,
90,310,0,
100,310,3,
110,310,5,
120,310,6,
130,310,6,
140,310,3,
150,310,1,
160,310,0,
170,310,0,
180,310,0,
190,310,0,
200,310,0,
210,310,0,
220,310,0,
230,310,0,
240,310,0,
250,310,0,
260,310,1,
270,310,4,
280,310,4,
290,310,4,
300,310,3,
310,310,0,
320,310,0,
330,310,0,
340,310,0,
350,310,0,
360,310,0,
370,310,0,
380,310,0,
390,310,0,
400,310,0,
410,310,0,
420,310,0,
430,310,0,
440,310,0,
450,310,0,
460,310,0,
470,310,0,
480,310,0,
490,310,0,
500,310,0,
510,310,0,
520,310,0,
530,310,0,
540,310,0,
550,310,0,
560,310,0,
570,310,0,
580,310,0,
590,310,0,
600,310,0,
610,310,0,
620,310,0,
630,310,0,
640,310,0,
0,320,0,
10,320,0,
20,320,0,
30,320,0,
40,320,0,
50,320,0,
60,320,0,
70,320,0,
80,320,0,
90,320,0,
100,320,0,
110,320,0,
120,320,0,
130,320,0,
140,320,0,
150,320,0,
160,320,0,
170,320,0,
180,320,0,
190,320,0,
200,320,0,
210,320,0,
220,320,0,
230,320,1,
240,320,2,
250,320,3,
260,320,4,
270,320,6,
280,320,5,
290,320,4,
300,320,3,
310,320,0,
320,320,0,
330,320,0,
340,320,0,
350,320,0,
360,320,0,
370,320,0,
380,320,0,
390,320,0,
400,320,0,
410,320,0,
420,320,0,
430,320,0,
440,320,0,
450,320,0,
460,320,0,
470,320,0,
480,320,0,
490,320,0,
500,320,0,
510,320,0,
520,320,0,
530,320,0,
540,320,0,
550,320,0,
560,320,0,
570,320,0,
580,320,0,
590,320,0,
600,320,0,
610,320,0,
620,320,0,
630,320,0,
640,320,0,
0,330,0,
10,330,0,
20,330,0,
30,330,0,
40,330,0,
50,330,0,
60,330,0,
70,330,0,
80,330,0,
90,330,0,
100,330,0,
110,330,0,
120,330,0,
130,330,0,
140,330,0,
150,330,0,
160,330,0,
170,330,0,
180,330,0,
190,330,0,
200,330,0,
210,330,0,
220,330,0,
230,330,3,
240,330,4,
250,330,7,
260,330,10,
270,330,11,
280,330,10,
290,330,7,
300,330,4,
310,330,0,
320,330,0,
330,330,0,
340,330,0,
350,330,0,
360,330,0,
370,330,0,
380,330,0,
390,330,0,
400,330,0,
410,330,0,
420,330,0,
430,330,0,
440,330,0,
450,330,0,
460,330,0,
470,330,0,
480,330,0,
490,330,0,
500,330,0,
510,330,0,
520,330,0,
530,330,0,
540,330,1,
550,330,1,
560,330,1,
570,330,1,
580,330,0,
590,330,0,
600,330,0,
610,330,0,
620,330,0,
630,330,0,
640,330,0,
0,340,0,
10,340,0,
20,340,0,
30,340,0,
40,340,0,
50,340,0,
60,340,0,
70,340,0,
80,340,0,
90,340,0,
100,340,0,
110,340,0,
120,340,0,
130,340,0,
140,340,0,
150,340,0,
160,340,0,
170,340,0,
180,340,0,
190,340,0,
200,340,0,
210,340,0,
220,340,1,
230,340,6,
240,340,7,
250,340,10,
260,340,11,
270,340,10,
280,340,10,
290,340,7,
300,340,5,
310,340,1,
320,340,0,
330,340,0,
340,340,0,
350,340,0,
360,340,0,
370,340,0,
380,340,0,
390,340,0,
400,340,0,
410,340,0,
420,340,0,
430,340,0,
440,340,0,
450,340,0,
460,340,0,
470,340,0,
480,340,0,
490,340,0,
500,340,0,
510,340,0,
520,340,0,
530,340,0,
540,340,1,
550,340,1,
560,340,1,
570,340,1,
580,340,0,
590,340,0,
600,340,0,
610,340,0,
620,340,0,
630,340,0,
640,340,0,
0,350,0,
10,350,0,
20,350,0,
30,350,0,
40,350,0,
50,350,0,
60,350,0,
70,350,0,
80,350,0,
90,350,0,
100,350,0,
110,350,0,
120,350,0,
130,350,0,
140,350,0,
150,350,0,
160,350,0,
170,350,0,
180,350,0,
190,350,0,
200,350,0,
210,350,0,
220,350,1,
230,350,7,
240,350,8,
250,350,11,
260,350,12,
270,350,7,
280,350,7,
290,350,4,
300,350,2,
310,350,1,
320,350,0,
330,350,0,
340,350,0,
350,350,0,
360,350,0,
370,350,0,
380,350,0,
390,350,0,
400,350,0,
410,350,1,
420,350,1,
430,350,1,
440,350,1,
450,350,0,
460,350,0,
470,350,0,
480,350,0,
490,350,0,
500,350,0,
510,350,0,
520,350,0,
530,350,0,
540,350,1,
550,350,1,
560,350,1,
570,350,1,
580,350,0,
590,350,0,
600,350,0,
610,350,0,
620,350,0,
630,350,0,
640,350,0,
0,360,0,
10,360,0,
20,360,0,
30,360,0,
40,360,0,
50,360,0,
60,360,0,
70,360,0,
80,360,0,
90,360,0,
100,360,0,
110,360,0,
120,360,0,
130,360,0,
140,360,0,
150,360,0,
160,360,0,
170,360,0,
180,360,0,
190,360,0,
200,360,0,
210,360,0,
220,360,1,
230,360,6,
240,360,6,
250,360,8,
260,360,9,
270,360,5,
280,360,6,
290,360,4,
300,360,2,
310,360,1,
320,360,0,
330,360,0,
340,360,0,
350,360,0,
360,360,0,
370,360,0,
380,360,0,
390,360,0,
400,360,0,
410,360,1,
420,360,1,
430,360,1,
440,360,1,
450,360,0,
460,360,0,
470,360,0,
480,360,0,
490,360,0,
500,360,0,
510,360,0,
520,360,0,
530,360,0,
540,360,1,
550,360,1,
560,360,1,
570,360,1,
580,360,0,
590,360,0,
600,360,0,
610,360,0,
620,360,0,
630,360,0,
640,360,0,
0,370,0,
10,370,0,
20,370,0,
30,370,0,
40,370,0,
50,370,0,
60,370,0,
70,370,0,
80,370,0,
90,370,0,
100,370,0,
110,370,0,
120,370,0,
130,370,0,
140,370,0,
150,370,0,
160,370,0,
170,370,0,
180,370,0,
190,370,0,
200,370,0,
210,370,0,
220,370,1,
230,370,4,
240,370,4,
250,370,4,
260,370,3,
270,370,0,
280,370,1,
290,370,1,
300,370,1,
310,370,1,
320,370,0,
330,370,0,
340,370,0,
350,370,0,
360,370,0,
370,370,0,
380,370,0,
390,370,0,
400,370,0,
410,370,1,
420,370,1,
430,370,1,
440,370,1,
450,370,0,
460,370,0,
470,370,0,
480,370,0,
490,370,0,
500,370,0,
510,370,0,
520,370,0,
530,370,0,
540,370,0,
550,370,0,
560,370,0,
570,370,0,
580,370,0,
590,370,0,
600,370,0,
610,370,0,
620,370,0,
630,370,0,
640,370,0,
0,380,0,
10,380,0,
20,380,0,
30,380,0,
40,380,0,
50,380,0,
60,380,0,
70,380,0,
80,380,0,
90,380,0,
100,380,0,
110,380,0,
120,380,0,
130,380,0,
140,380,0,
150,380,0,
160,380,0,
170,380,0,
180,380,0,
190,380,0,
200,380,0,
210,380,0,
220,380,0,
230,380,1,
240,380,1,
250,380,1,
260,380,1,
270,380,0,
280,380,0,
290,380,0,
300,380,0,
310,380,0,
320,380,0,
330,380,0,
340,380,0,
350,380,0,
360,380,0,
370,380,0,
380,380,0,
390,380,0,
400,380,0,
410,380,1,
420,380,1,
430,380,1,
440,380,1,
450,380,0,
460,380,0,
470,380,0,
480,380,0,
490,380,0,
500,380,0,
510,380,0,
520,380,0,
530,380,0,
540,380,0,
550,380,0,
560,380,0,
570,380,0,
580,380,0,
590,380,0,
600,380,0,
610,380,0,
620,380,0,
630,380,0,
640,380,0,
0,390,0,
10,390,0,
20,390,0,
30,390,0,
40,390,0,
50,390,0,
60,390,0,
70,390,0,
80,390,0,
90,390,0,
100,390,0,
110,390,0,
120,390,0,
130,390,0,
140,390,0,
150,390,0,
160,390,0,
170,390,0,
180,390,0,
190,390,0,
200,390,0,
210,390,0,
220,390,0,
230,390,0,
240,390,0,
250,390,0,
260,390,0,
270,390,0,
280,390,0,
290,390,0,
300,390,0,
310,390,0,
320,390,0,
330,390,0,
340,390,0,
350,390,0,
360,390,0,
370,390,0,
380,390,0,
390,390,0,
400,390,0,
410,390,0,
420,390,1,
430,390,1,
440,390,1,
450,390,1,
460,390,0,
470,390,0,
480,390,0,
490,390,0,
500,390,0,
510,390,0,
520,390,0,
530,390,0,
540,390,0,
550,390,0,
560,390,0,
570,390,0,
580,390,0,
590,390,0,
600,390,0,
610,390,0,
620,390,0,
630,390,0,
640,390,0,
0,400,0,
10,400,0,
20,400,0,
30,400,0,
40,400,0,
50,400,0,
60,400,0,
70,400,0,
80,400,0,
90,400,0,
100,400,0,
110,400,0,
120,400,0,
130,400,0,
140,400,0,
150,400,0,
160,400,0,
170,400,0,
180,400,0,
190,400,0,
200,400,0,
210,400,0,
220,400,0,
230,400,0,
240,400,0,
250,400,0,
260,400,0,
270,400,0,
280,400,0,
290,400,0,
300,400,0,
310,400,0,
320,400,0,
330,400,0,
340,400,0,
350,400,0,
360,400,0,
370,400,0,
380,400,0,
390,400,0,
400,400,0,
410,400,0,
420,400,1,
430,400,1,
440,400,1,
450,400,1,
460,400,0,
470,400,0,
480,400,0,
490,400,0,
500,400,0,
510,400,0,
520,400,0,
530,400,0,
540,400,0,
550,400,0,
560,400,0,
570,400,0,
580,400,0,
590,400,0,
600,400,0,
610,400,0,
620,400,0,
630,400,0,
640,400,0,
0,410,0,
10,410,0,
20,410,0,
30,410,0,
40,410,0,
50,410,0,
60,410,0,
70,410,0,
80,410,0,
90,410,0,
100,410,0,
110,410,3,
120,410,3,
130,410,3,
140,410,3,
150,410,0,
160,410,0,
170,410,0,
180,410,0,
190,410,0,
200,410,0,
210,410,0,
220,410,0,
230,410,0,
240,410,0,
250,410,0,
260,410,0,
270,410,0,
280,410,0,
290,410,0,
300,410,0,
310,410,0,
320,410,0,
330,410,0,
340,410,0,
350,410,0,
360,410,0,
370,410,0,
380,410,0,
390,410,0,
400,410,0,
410,410,0,
420,410,1,
430,410,1,
440,410,1,
450,410,1,
460,410,0,
470,410,0,
480,410,0,
490,410,0,
500,410,0,
510,410,0,
520,410,0,
530,410,0,
540,410,0,
550,410,0,
560,410,0,
570,410,0,
580,410,0,
590,410,0,
600,410,0,
610,410,0,
620,410,0,
630,410,0,
640,410,0,
0,420,0,
10,420,0,
20,420,0,
30,420,0,
40,420,0,
50,420,0,
60,420,0,
70,420,0,
80,420,0,
90,420,0,
100,420,0,
110,420,3,
120,420,3,
130,420,3,
140,420,3,
150,420,0,
160,420,0,
170,420,0,
180,420,0,
190,420,0,
200,420,0,
210,420,0,
220,420,0,
230,420,0,
240,420,0,
250,420,0,
260,420,0,
270,420,0,
280,420,0,
290,420,0,
300,420,0,
310,420,0,
320,420,0,
330,420,0,
340,420,0,
350,420,0,
360,420,0,
370,420,0,
380,420,0,
390,420,0,
400,420,0,
410,420,2,
420,420,4,
430,420,4,
440,420,4,
450,420,2,
460,420,0,
470,420,0,
480,420,0,
490,420,0,
500,420,0,
510,420,0,
520,420,0,
530,420,0,
540,420,0,
550,420,0,
560,420,0,
570,420,0,
580,420,0,
590,420,0,
600,420,0,
610,420,0,
620,420,0,
630,420,0,
640,420,0,
0,430,0,
10,430,0,
20,430,0,
30,430,0,
40,430,0,
50,430,0,
60,430,0,
70,430,0,
80,430,0,
90,430,0,
100,430,0,
110,430,3,
120,430,3,
130,430,3,
140,430,3,
150,430,0,
160,430,0,
170,430,0,
180,430,0,
190,430,0,
200,430,0,
210,430,0,
220,430,0,
230,430,0,
240,430,0,
250,430,0,
260,430,0,
270,430,0,
280,430,0,
290,430,0,
300,430,0,
310,430,0,
320,430,0,
330,430,0,
340,430,0,
350,430,0,
360,430,0,
370,430,0,
380,430,0,
390,430,0,
400,430,0,
410,430,2,
420,430,3,
430,430,3,
440,430,3,
450,430,1,
460,430,0,
470,430,0,
480,430,0,
490,430,0,
500,430,0,
510,430,0,
520,430,0,
530,430,0,
540,430,0,
550,430,0,
560,430,0,
570,430,0,
580,430,0,
590,430,0,
600,430,0,
610,430,0,
620,430,0,
630,430,0,
640,430,0,
0,440,0,
10,440,0,
20,440,0,
30,440,0,
40,440,0,
50,440,0,
60,440,0,
70,440,0,
80,440,0,
90,440,0,
100,440,0,
110,440,3,
120,440,3,
130,440,3,
140,440,3,
150,440,0,
160,440,0,
170,440,0,
180,440,0,
190,440,0,
200,440,0,
210,440,0,
220,440,0,
230,440,0,
240,440,0,
250,440,0,
260,440,0,
270,440,0,
280,440,0,
290,440,0,
300,440,0,
310,440,0,
320,440,0,
330,440,0,
340,440,0,
350,440,0,
360,440,0,
370,440,0,
380,440,0,
390,440,0,
400,440,0,
410,440,2,
420,440,3,
430,440,3,
440,440,3,
450,440,1,
460,440,0,
470,440,0,
480,440,0,
490,440,0,
500,440,0,
510,440,0,
520,440,0,
530,440,0,
540,440,0,
550,440,0,
560,440,0,
570,440,0,
580,440,0,
590,440,0,
600,440,0,
610,440,0,
620,440,0,
630,440,0,
640,440,0,
0,450,0,
10,450,0,
20,450,0,
30,450,0,
40,450,0,
50,450,0,
60,450,0,
70,450,0,
80,450,0,
90,450,0,
100,450,0,
110,450,0,
120,450,0,
130,450,0,
140,450,0,
150,450,0,
160,450,0,
170,450,0,
180,450,0,
190,450,0,
200,450,0,
210,450,0,
220,450,0,
230,450,0,
240,450,0,
250,450,0,
260,450,0,
270,450,0,
280,450,0,
290,450,0,
300,450,0,
310,450,0,
320,450,0,
330,450,0,
340,450,0,
350,450,0,
360,450,0,
370,450,0,
380,450,0,
390,450,0,
400,450,0,
410,450,2,
420,450,3,
430,450,3,
440,450,3,
450,450,1,
460,450,0,
470,450,0,
480,450,0,
490,450,0,
500,450,0,
510,450,0,
520,450,0,
530,450,0,
540,450,0,
550,450,0,
560,450,0,
570,450,0,
580,450,0,
590,450,0,
600,450,0,
610,450,0,
620,450,0,
630,450,0,
640,450,0,
0,460,0,
10,460,0,
20,460,0,
30,460,0,
40,460,0,
50,460,0,
60,460,0,
70,460,0,
80,460,0,
90,460,0,
100,460,0,
110,460,0,
120,460,0,
130,460,0,
140,460,0,
150,460,0,
160,460,0,
170,460,0,
180,460,0,
190,460,0,
200,460,0,
210,460,0,
220,460,0,
230,460,0,
240,460,0,
250,460,0,
260,460,0,
270,460,0,
280,460,0,
290,460,0,
300,460,0,
310,460,0,
320,460,0,
330,460,0,
340,460,0,
350,460,0,
360,460,0,
370,460,0,
380,460,0,
390,460,0,
400,460,0,
410,460,0,
420,460,0,
430,460,0,
440,460,0,
450,460,0,
460,460,0,
470,460,0,
480,460,0,
490,460,0,
500,460,0,
510,460,0,
520,460,0,
530,460,0,
540,460,0,
550,460,0,
560,460,0,
570,460,0,
580,460,0,
590,460,0,
600,460,0,
610,460,0,
620,460,0,
630,460,0,
640,460,0,
0,470,0,
10,470,0,
20,470,0,
30,470,0,
40,470,0,
50,470,0,
60,470,0,
70,470,0,
80,470,0,
90,470,0,
100,470,0,
110,470,0,
120,470,0,
130,470,0,
140,470,0,
150,470,0,
160,470,0,
170,470,0,
180,470,0,
190,470,0,
200,470,0,
210,470,0,
220,470,0,
230,470,0,
240,470,0,
250,470,0,
260,470,0,
270,470,0,
280,470,0,
290,470,0,
300,470,0,
310,470,0,
320,470,0,
330,470,0,
340,470,0,
350,470,0,
360,470,0,
370,470,0,
380,470,0,
390,470,0,
400,470,0,
410,470,0,
420,470,0,
430,470,0,
440,470,0,
450,470,0,
460,470,0,
470,470,0,
480,470,0,
490,470,0,
500,470,0,
510,470,0,
520,470,0,
530,470,0,
540,470,0,
550,470,0,
560,470,0,
570,470,0,
580,470,0,
590,470,0,
600,470,0,
610,470,0,
620,470,0,
630,470,0,
640,470,0,
0,480,0,
10,480,0,
20,480,0,
30,480,0,
40,480,0,
50,480,0,
60,480,0,
70,480,0,
80,480,0,
90,480,0,
100,480,0,
110,480,0,
120,480,0,
130,480,0,
140,480,0,
150,480,0,
160,480,0,
170,480,0,
180,480,0,
190,480,0,
200,480,0,
210,480,0,
220,480,0,
230,480,0,
240,480,0,
250,480,0,
260,480,0,
270,480,0,
280,480,0,
290,480,0,
300,480,0,
310,480,0,
320,480,0,
330,480,0,
340,480,0,
350,480,0,
360,480,0,
370,480,0,
380,480,0,
390,480,0,
400,480,0,
410,480,0,
420,480,0,
430,480,0,
440,480,0,
450,480,0,
460,480,0,
470,480,0,
480,480,0,
490,480,0,
500,480,0,
510,480,0,
520,480,0,
530,480,0,
540,480,0,
550,480,0,
560,480,0,
570,480,0,
580,480,0,
590,480,0,
600,480,0,
610,480,0,
620,480,0,
630,480,0,
640,480,0,
